"inventory_ids","epmc_query_ids"
"24275494","24275494"
"34244700","34244700"
"27081154","27081154"
"27694207","27694207"
"24081580","24081580"
"27789693","27789693"
"26490961","26490961"
"25465051","25465051"
"28779078","28779078"
"27924021","27924021"
"28977551","28977551"
"28365738","28365738"
"29156005","29156005"
"31832668","31832668"
"34497528","34497528"
"33068435","33068435"
"33137193","33137193"
"22829726","22829726"
"29126202","29126202"
"34025933","34025933"
"22080511","22080511"
"27507885","27507885"
"25361966","25361966"
"30239679","30239679"
"24217911","24217911"
"26602690","26602690"
"30231853","30231853"
"22084200","22084200"
"28376796","28376796"
"25392419","25392419"
"31123286","31123286"
"26644461","26644461"
"25853886","25853886"
"30357390","30357390"
"34361108","34361108"
"22039151","22039151"
"28069893","28069893"
"24628857","24628857"
"23193282","23193282"
"25097382","25097382"
"21498548","21498548"
"22559261","22559261"
"30365033","30365033"
"33852582","33852582"
"34316271","34316271"
"22647208","22647208"
"34335304","34335304"
"32193422","32193422"
"23317704","23317704"
"30247677","30247677"
"29040693","29040693"
"32765587","32765587"
"30371900","30371900"
"27582018","27582018"
"30937442","30937442"
"32986825","32986825"
"31584087","31584087"
"31680137","31680137"
"21904438","21904438"
"33996073","33996073"
"32584882","32584882"
"27924032","27924032"
"28784999","28784999"
"31978081","31978081"
"31586392","31586392"
"25052703","25052703"
"25378337","25378337"
"30715274","30715274"
"28413782","28413782"
"26861916","26861916"
"31695717","31695717"
"33643383","33643383"
"34556150","34556150"
"22434840","22434840"
"28095775","28095775"
"24272250","24272250"
"29059333","29059333"
"25487439","25487439"
"25355510","25355510"
"25414324","25414324"
"24265221","24265221"
"29077946","29077946"
"26602692","26602692"
"30150996","30150996"
"25468931","25468931"
"25428357","25428357"
"27242037","27242037"
"32507889","32507889"
"32449934","32449934"
"31665428","31665428"
"24475134","24475134"
"34839012","34839012"
"32294195","32294195"
"29321052","29321052"
"31036810","31036810"
"29106599","29106599"
"22080559","22080559"
"23904744","23904744"
"33125076","33125076"
"30239683","30239683"
"32681639","32681639"
"30624648","30624648"
"22800758","22800758"
"22876890","22876890"
"33219693","33219693"
"25972521","25972521"
"22397531","22397531"
"27899679","27899679"
"21217125","21217125"
"29186576","29186576"
"23774715","23774715"
"22139918","22139918"
"33176685","33176685"
"24285301","24285301"
"30215764","30215764"
"30893420","30893420"
"34976872","34976872"
"21335611","21335611"
"24214959","24214959"
"22135301","22135301"
"24304895","24304895"
"30272193","30272193"
"25377257","25377257"
"26433226","26433226"
"24602877","24602877"
"33247932","33247932"
"34615485","34615485"
"31665503","31665503"
"24250117","24250117"
"24077841","24077841"
"33599248","33599248"
"27161011","27161011"
"27376128","27376128"
"25332396","25332396"
"34144671","34144671"
"28327601","28327601"
"24608034","24608034"
"34736471","34736471"
"32655358","32655358"
"24399916","24399916"
"22250003","22250003"
"22125386","22125386"
"23894186","23894186"
"33037820","33037820"
"31807141","31807141"
"22084196","22084196"
"32540200","32540200"
"33010170","33010170"
"21233089","21233089"
"25378330","25378330"
"31405382","31405382"
"28708831","28708831"
"25516260","25516260"
"22359433","22359433"
"28875065","28875065"
"21904428","21904428"
"27246819","27246819"
"26401099","26401099"
"23087378","23087378"
"28605773","28605773"
"33552037","33552037"
"31599923","31599923"
"25414348","25414348"
"30053270","30053270"
"24244913","24244913"
"25360160","25360160"
"31133849","31133849"
"22139929","22139929"
"27189610","27189610"
"26820405","26820405"
"23550138","23550138"
"23390356","23390356"
"24185696","24185696"
"27623959","27623959"
"23886610","23886610"
"28365726","28365726"
"24214957","24214957"
"24079801","24079801"
"28453653","28453653"
"23203889","23203889"
"24994456","24994456"
"24948109","24948109"
"29136180","29136180"
"28821760","28821760"
"26586806","26586806"
"23203881","23203881"
"33539279","33539279"
"32026396","32026396"
"23203879","23203879"
"21210251","21210251"
"23336431","23336431"
"22080550","22080550"
"22621612","22621612"
"27050421","27050421"
"31649674","31649674"
"22080563","22080563"
"30329086","30329086"
"24265220","24265220"
"33306801","33306801"
"30367574","30367574"
"28453651","28453651"
"25392415","25392415"
"23486013","23486013"
"31598703","31598703"
"26074488","26074488"
"33010176","33010176"
"26690544","26690544"
"28473704","28473704"
"25270878","25270878"
"30329142","30329142"
"30329095","30329095"
"27832200","27832200"
"31701131","31701131"
"21718534","21718534"
"34345532","34345532"
"33942873","33942873"
"26657895","26657895"
"22021380","22021380"
"27635320","27635320"
"23794735","23794735"
"28365725","28365725"
"25267795","25267795"
"31024751","31024751"
"35134148","35134148"
"25392409","25392409"
"31691819","31691819"
"23514094","23514094"
"30717315","30717315"
"25475113","25475113"
"23228284","23228284"
"29126148","29126148"
"25190456","25190456"
"30208340","30208340"
"26519468","26519468"
"28053168","28053168"
"26868054","26868054"
"23197659","23197659"
"29997612","29997612"
"30759968","30759968"
"24580755","24580755"
"27899660","27899660"
"25392417","25392417"
"26527719","26527719"
"29992323","29992323"
"24304896","24304896"
"33471060","33471060"
"23251048","23251048"
"30289549","30289549"
"33086069","33086069"
"22039163","22039163"
"25970778","25970778"
"27701074","27701074"
"24270791","24270791"
"21247929","21247929"
"32754757","32754757"
"31428785","31428785"
"23193288","23193288"
"26160459","26160459"
"23486613","23486613"
"25518738","25518738"
"22232598","22232598"
"29036719","29036719"
"22140108","22140108"
"28651548","28651548"
"23818526","23818526"
"32608479","32608479"
"23180789","23180789"
"26876982","26876982"
"23185041","23185041"
"30486838","30486838"
"33068420","33068420"
"31210271","31210271"
"24997141","24997141"
"33662628","33662628"
"23161675","23161675"
"30202990","30202990"
"31942977","31942977"
"31665454","31665454"
"22904610","22904610"
"23405067","23405067"
"22718786","22718786"
"23139595","23139595"
"24952649","24952649"
"26289427","26289427"
"34762703","34762703"
"27472917","27472917"
"22809392","22809392"
"30045691","30045691"
"23203874","23203874"
"31095607","31095607"
"30004104","30004104"
"24339831","24339831"
"32219412","32219412"
"32345360","32345360"
"34296749","34296749"
"29194536","29194536"
"26450965","26450965"
"33181824","33181824"
"27725737","27725737"
"33121433","33121433"
"29059379","29059379"
"29688375","29688375"
"32025315","32025315"
"24489955","24489955"
"33181825","33181825"
"33109630","33109630"
"24678985","24678985"
"22916227","22916227"
"26582918","26582918"
"25652745","25652745"
"23193260","23193260"
"23104377","23104377"
"30357356","30357356"
"33693668","33693668"
"25885062","25885062"
"32986829","32986829"
"25398898","25398898"
"26062809","26062809"
"23630576","23630576"
"33095860","33095860"
"33010163","33010163"
"32705130","32705130"
"30598077","30598077"
"34259866","34259866"
"32392296","32392296"
"33423696","33423696"
"22070882","22070882"
"25270877","25270877"
"30357342","30357342"
"34964846","34964846"
"22275896","22275896"
"33181822","33181822"
"26496946","26496946"
"26051695","26051695"
"24225386","24225386"
"25333826","25333826"
"25348397","25348397"
"32754758","32754758"
"22058133","22058133"
"31702846","31702846"
"27980519","27980519"
"33798715","33798715"
"31269035","31269035"
"27242036","27242036"
"21544197","21544197"
"33382885","33382885"
"34016708","34016708"
"30357367","30357367"
"24466021","24466021"
"22080556","22080556"
"25355519","25355519"
"28595571","28595571"
"24203703","24203703"
"34992626","34992626"
"32890396","32890396"
"33068433","33068433"
"33009914","33009914"
"32665542","32665542"
"34585731","34585731"
"34931882","34931882"
"23203868","23203868"
"21269480","21269480"
"28962356","28962356"
"25861964","25861964"
"22120664","22120664"
"24214993","24214993"
"24253304","24253304"
"29036683","29036683"
"31725864","31725864"
"26450948","26450948"
"23868908","23868908"
"34482425","34482425"
"33010154","33010154"
"31624845","31624845"
"30285246","30285246"
"33084893","33084893"
"26438539","26438539"
"30598113","30598113"
"26602695","26602695"
"30967897","30967897"
"28724888","28724888"
"23396301","23396301"
"29178828","29178828"
"32928113","32928113"
"24319146","24319146"
"29036403","29036403"
"26989154","26989154"
"28191780","28191780"
"33211888","33211888"
"25038066","25038066"
"28704505","28704505"
"32990755","32990755"
"23193294","23193294"
"26322998","26322998"
"32183712","32183712"
"22139934","22139934"
"30321383","30321383"
"23550061","23550061"
"24344970","24344970"
"27226753","27226753"
"26305368","26305368"
"22829745","22829745"
"23175607","23175607"
"25632108","25632108"
"23185330","23185330"
"28440791","28440791"
"26048563","26048563"
"34782688","34782688"
"21738316","21738316"
"27391016","27391016"
"23203878","23203878"
"25232097","25232097"
"34803258","34803258"
"22110032","22110032"
"31366898","31366898"
"23074185","23074185"
"34791106","34791106"
"28294141","28294141"
"33174603","33174603"
"29485625","29485625"
"25278960","25278960"
"23275696","23275696"
"25414358","25414358"
"30380085","30380085"
"23842462","23842462"
"29764375","29764375"
"24647629","24647629"
"25474259","25474259"
"32941621","32941621"
"30053267","30053267"
"24918550","24918550"
"33196844","33196844"
"28977473","28977473"
"33276297","33276297"
"27192119","27192119"
"29860480","29860480"
"27899556","27899556"
"22096234","22096234"
"26099468","26099468"
"26577058","26577058"
"22102573","22102573"
"24297256","24297256"
"26566288","26566288"
"33051688","33051688"
"26055100","26055100"
"31603498","31603498"
"29961819","29961819"
"24434032","24434032"
"26503248","26503248"
"29145823","29145823"
"30482172","30482172"
"27010073","27010073"
"26946289","26946289"
"25534750","25534750"
"24194603","24194603"
"23193290","23193290"
"27903894","27903894"
"26438538","26438538"
"25336621","25336621"
"22086958","22086958"
"25887129","25887129"
"26989155","26989155"
"23161684","23161684"
"32527280","32527280"
"25398897","25398897"
"27577567","27577567"
"21938213","21938213"
"23516335","23516335"
"30942868","30942868"
"27084938","27084938"
"26553809","26553809"
"26980516","26980516"
"26727469","26727469"
"26342387","26342387"
"31664080","31664080"
"27618709","27618709"
"27907889","27907889"
"25326239","25326239"
"25332398","25332398"
"33119734","33119734"
"23415072","23415072"
"25951377","25951377"
"22369658","22369658"
"22493695","22493695"
"23197658","23197658"
"24122041","24122041"
"23193291","23193291"
"24307774","24307774"
"26586797","26586797"
"35424427","35424427"
"25378341","25378341"
"31641158","31641158"
"29385418","29385418"
"23172289","23172289"
"26481352","26481352"
"29069447","29069447"
"32976589","32976589"
"22080506","22080506"
"26503254","26503254"
"33382035","33382035"
"28381244","28381244"
"29059320","29059320"
"22135302","22135302"
"25877637","25877637"
"29036667","29036667"
"31713636","31713636"
"22058129","22058129"
"26363178","26363178"
"25505093","25505093"
"33079988","33079988"
"26393351","26393351"
"26030752","26030752"
"31016417","31016417"
"33053178","33053178"
"28234924","28234924"
"31612957","31612957"
"24225319","24225319"
"22110027","22110027"
"27209279","27209279"
"31598709","31598709"
"23185043","23185043"
"33035337","33035337"
"25404132","25404132"
"22135305","22135305"
"24214966","24214966"
"25002814","25002814"
"25416797","25416797"
"23846594","23846594"
"33216893","33216893"
"24302579","24302579"
"27173524","27173524"
"31409791","31409791"
"29209336","29209336"
"34774049","34774049"
"27276067","27276067"
"24214964","24214964"
"31691822","31691822"
"28533016","28533016"
"25979979","25979979"
"33995899","33995899"
"24618344","24618344"
"28299908","28299908"
"24203711","24203711"
"30371892","30371892"
"31066443","31066443"
"31665429","31665429"
"33787872","33787872"
"28562632","28562632"
"33104791","33104791"
"30380071","30380071"
"33426407","33426407"
"26909679","26909679"
"31560645","31560645"
"33084904","33084904"
"26019122","26019122"
"27766955","27766955"
"32964659","32964659"
"32632099","32632099"
"32646415","32646415"
"26699919","26699919"
"34010390","34010390"
"26800861","26800861"
"23109553","23109553"
"23143106","23143106"
"23197660","23197660"
"25650278","25650278"
"22359444","22359444"
"30357418","30357418"
"23203870","23203870"
"26590402","26590402"
"23798489","23798489"
"22096231","22096231"
"25414353","25414353"
"23411718","23411718"
"24214991","24214991"
"22110040","22110040"
"24146773","24146773"
"31164042","31164042"
"34048547","34048547"
"22080548","22080548"
"30357403","30357403"
"31665430","31665430"
"30788500","30788500"
"30357379","30357379"
"35694152","35694152"
"30476229","30476229"
"27141961","27141961"
"25432969","25432969"
"32726198","32726198"
"26582924","26582924"
"29683130","29683130"
"27664130","27664130"
"22489867","22489867"
"29040751","29040751"
"25324312","25324312"
"24682734","24682734"
"32459338","32459338"
"23161695","23161695"
"34493866","34493866"
"29106618","29106618"
"23794736","23794736"
"30143675","30143675"
"25534749","25534749"
"23193256","23193256"
"30365030","30365030"
"31412866","31412866"
"22102771","22102771"
"25352549","25352549"
"23175615","23175615"
"31598693","31598693"
"25378340","25378340"
"21762488","21762488"
"28985416","28985416"
"30335161","30335161"
"23977990","23977990"
"24009897","24009897"
"31584095","31584095"
"30364969","30364969"
"30321400","30321400"
"31642488","31642488"
"30053265","30053265"
"22661580","22661580"
"27924041","27924041"
"28529706","28529706"
"23696792","23696792"
"33995920","33995920"
"34085038","34085038"
"31343654","31343654"
"25324316","25324316"
"34220930","34220930"
"23203885","23203885"
"27899646","27899646"
"26384373","26384373"
"27924038","27924038"
"22715304","22715304"
"25352729","25352729"
"22267904","22267904"
"34626475","34626475"
"33898816","33898816"
"32219413","32219413"
"27242503","27242503"
"33897975","33897975"
"32076423","32076423"
"34741074","34741074"
"26806463","26806463"
"24243844","24243844"
"33166383","33166383"
"26980518","26980518"
"33203359","33203359"
"24705206","24705206"
"29059383","29059383"
"26476447","26476447"
"27698587","27698587"
"22649282","22649282"
"23203866","23203866"
"26317619","26317619"
"23951158","23951158"
"25260589","25260589"
"31686102","31686102"
"34583740","34583740"
"24885079","24885079"
"25725058","25725058"
"23459781","23459781"
"32123502","32123502"
"29688353","29688353"
"23757396","23757396"
"28077567","28077567"
"24564786","24564786"
"24101916","24101916"
"22064857","22064857"
"34964845","34964845"
"29220485","29220485"
"25522231","25522231"
"21300622","21300622"
"26590404","26590404"
"21541042","21541042"
"26215638","26215638"
"30407583","30407583"
"25149689","25149689"
"29976644","29976644"
"27794553","27794553"
"34485385","34485385"
"27905517","27905517"
"23161677","23161677"
"30268934","30268934"
"28013277","28013277"
"25953079","25953079"
"25010047","25010047"
"30235322","30235322"
"27127885","27127885"
"31592084","31592084"
"30365027","30365027"
"33119759","33119759"
"31277321","31277321"
"24150938","24150938"
"34158935","34158935"
"33599246","33599246"
"30357393","30357393"
"30864352","30864352"
"24904731","24904731"
"22912585","22912585"
"21177656","21177656"
"22139938","22139938"
"31642496","31642496"
"34733322","34733322"
"33981200","33981200"
"22116062","22116062"
"25361971","25361971"
"24174536","24174536"
"22748121","22748121"
"23650583","23650583"
"22110038","22110038"
"26567549","26567549"
"23161689","23161689"
"22080549","22080549"
"31844835","31844835"
"22383735","22383735"
"25399415","25399415"
"22417913","22417913"
"23245398","23245398"
"25348407","25348407"
"27789686","27789686"
"23193271","23193271"
"26780094","26780094"
"23193262","23193262"
"25432975","25432975"
"21695066","21695066"
"31296229","31296229"
"23193258","23193258"
"32330167","32330167"
"28771471","28771471"
"25982314","25982314"
"26342919","26342919"
"27242038","27242038"
"27242033","27242033"
"23104379","23104379"
"34699529","34699529"
"24622612","24622612"
"33045729","33045729"
"29649979","29649979"
"21609420","21609420"
"31811943","31811943"
"24377417","24377417"
"32661237","32661237"
"33174597","33174597"
"30357361","30357361"
"25084271","25084271"
"31504765","31504765"
"24767249","24767249"
"34859531","34859531"
"22123736","22123736"
"25189782","25189782"
"23813641","23813641"
"29483591","29483591"
"26039571","26039571"
"33868597","33868597"
"24304901","24304901"
"34378141","34378141"
"30364992","30364992"
"32576192","32576192"
"32163115","32163115"
"25982315","25982315"
"27098585","27098585"
"28231303","28231303"
"26578586","26578586"
"32510565","32510565"
"34639237","34639237"
"33237299","33237299"
"32055858","32055858"
"33151298","33151298"
"31725863","31725863"
"28365739","28365739"
"28387199","28387199"
"32758136","32758136"
"23193275","23193275"
"26673694","26673694"
"24428872","24428872"
"31509535","31509535"
"31584099","31584099"
"29069473","29069473"
"30445434","30445434"
"31566222","31566222"
"24301061","24301061"
"22139925","22139925"
"34175476","34175476"
"23193255","23193255"
"33413085","33413085"
"30247654","30247654"
"30395284","30395284"
"23193293","23193293"
"33259604","33259604"
"29796383","29796383"
"22613085","22613085"
"30066211","30066211"
"26510927","26510927"
"22064851","22064851"
"28212602","28212602"
"23095476","23095476"
"31976536","31976536"
"34642750","34642750"
"33125055","33125055"
"23125365","23125365"
"30266410","30266410"
"29088455","29088455"
"27527702","27527702"
"23369322","23369322"
"33439542","33439542"
"30053237","30053237"
"28701700","28701700"
"32422927","32422927"
"33382884","33382884"
"25030426","25030426"
"21760913","21760913"
"23281827","23281827"
"23143109","23143109"
"22761927","22761927"
"22064861","22064861"
"32179762","32179762"
"27976751","27976751"
"33119754","33119754"
"33264402","33264402"
"24670875","24670875"
"24857969","24857969"
"30196115","30196115"
"23118488","23118488"
"34791105","34791105"
"33417691","33417691"
"22140100","22140100"
"23717556","23717556"
"26578597","26578597"
"25502817","25502817"
"27742821","27742821"
"22846459","22846459"
"22123737","22123737"
"27113915","27113915"
"27733501","27733501"
"33677507","33677507"
"31725860","31725860"
"22140112","22140112"
"26989147","26989147"
"26708988","26708988"
"28358052","28358052"
"28365729","28365729"
"22022467","22022467"
"31783725","31783725"
"27189608","27189608"
"23584836","23584836"
"30371888","30371888"
"31139565","31139565"
"21435384","21435384"
"29760467","29760467"
"23016940","23016940"
"22165817","22165817"
"24137008","24137008"
"28415075","28415075"
"29315358","29315358"
"25178365","25178365"
"22080558","22080558"
"29028885","29028885"
"27374121","27374121"
"26578596","26578596"
"24217912","24217912"
"25468930","25468930"
"24150944","24150944"
"26657893","26657893"
"23936191","23936191"
"22923302","22923302"
"32090260","32090260"
"24558441","24558441"
"32858223","32858223"
"22900683","22900683"
"24122843","24122843"
"33973408","33973408"
"22134927","22134927"
"26911352","26911352"
"33221926","33221926"
"30418591","30418591"
"30999860","30999860"
"34330336","34330336"
"30703169","30703169"
"24178989","24178989"
"33929018","33929018"
"23095257","23095257"
"25378303","25378303"
"24616562","24616562"
"22102591","22102591"
"29041922","29041922"
"34907423","34907423"
"28557712","28557712"
"22009673","22009673"
"26430546","26430546"
"29036693","29036693"
"31600197","31600197"
"33740463","33740463"
"33137185","33137185"
"29040670","29040670"
"32941628","32941628"
"30371881","30371881"
"29548284","29548284"
"22610854","22610854"
"30380109","30380109"
"24923821","24923821"
"30967549","30967549"
"22139933","22139933"
"27465544","27465544"
"26582920","26582920"
"27638885","27638885"
"28187703","28187703"
"26516188","26516188"
"22984621","22984621"
"25707505","25707505"
"27081555","27081555"
"33308175","33308175"
"29897484","29897484"
"27484196","27484196"
"28806134","28806134"
"32228437","32228437"
"29619235","29619235"
"26173699","26173699"
"28025339","28025339"
"34755873","34755873"
"34456903","34456903"
"25326331","25326331"
"25988315","25988315"
"28977416","28977416"
"29531263","29531263"
"31284879","31284879"
"29892515","29892515"
"22127860","22127860"
"23750084","23750084"
"33095885","33095885"
"24324765","24324765"
"29047407","29047407"
"23180781","23180781"
"22120663","22120663"
"26578584","26578584"
"33507270","33507270"
"24001185","24001185"
"22493526","22493526"
"22792232","22792232"
"30535108","30535108"
"22053089","22053089"
"25097383","25097383"
"33502860","33502860"
"22096229","22096229"
"23282057","23282057"
"24253300","24253300"
"23046449","23046449"
"25388589","25388589"
"22140115","22140115"
"27899604","27899604"
"24297255","24297255"
"26432833","26432833"
"30397019","30397019"
"30252093","30252093"
"24030781","24030781"
"28168018","28168018"
"22260278","22260278"
"21873645","21873645"
"32512182","32512182"
"22592381","22592381"
"25378302","25378302"
"34189203","34189203"
"25848172","25848172"
"21177658","21177658"
"25204646","25204646"
"28592645","28592645"
"29036527","29036527"
"26653323","26653323"
"25058394","25058394"
"29106644","29106644"
"24194598","24194598"
"31874631","31874631"
"27899675","27899675"
"30295851","30295851"
"27899654","27899654"
"26424080","26424080"
"26519469","26519469"
"33645624","33645624"
"27087309","27087309"
"30046160","30046160"
"24507667","24507667"
"25320561","25320561"
"27630202","27630202"
"23193276","23193276"
"27789704","27789704"
"26376976","26376976"
"21492431","21492431"
"23193279","23193279"
"25115331","25115331"
"25414382","25414382"
"33137204","33137204"
"26989151","26989151"
"29220464","29220464"
"26656885","26656885"
"32821400","32821400"
"29097748","29097748"
"31598675","31598675"
"34023905","34023905"
"25361973","25361973"
"23837716","23837716"
"32133509","32133509"
"21624162","21624162"
"33287903","33287903"
"27924012","27924012"
"22570419","22570419"
"32028878","32028878"
"21498547","21498547"
"22267903","22267903"
"34976312","34976312"
"31780665","31780665"
"29697370","29697370"
"29899596","29899596"
"22110036","22110036"
"34768782","34768782"
"25125444","25125444"
"24194591","24194591"
"29905762","29905762"
"32128558","32128558"
"23874394","23874394"
"27493549","27493549"
"31701147","31701147"
"24885522","24885522"
"34378177","34378177"
"29136207","29136207"
"27794552","27794552"
"34415996","34415996"
"23667450","23667450"
"29648583","29648583"
"30357370","30357370"
"26546515","26546515"
"26444974","26444974"
"33166392","33166392"
"22369201","22369201"
"29029599","29029599"
"31906602","31906602"
"25776024","25776024"
"29069510","29069510"
"30476305","30476305"
"29961817","29961817"
"33219686","33219686"
"24926662","24926662"
"27651464","27651464"
"31617563","31617563"
"33045751","33045751"
"34464437","34464437"
"29788225","29788225"
"28751672","28751672"
"26363021","26363021"
"25332394","25332394"
"23846593","23846593"
"33045741","33045741"
"31713618","31713618"
"25725059","25725059"
"24150937","24150937"
"28008948","28008948"
"25819075","25819075"
"24243842","24243842"
"23193296","23193296"
"32499815","32499815"
"32618424","32618424"
"26708986","26708986"
"33906563","33906563"
"29036329","29036329"
"23658631","23658631"
"22058127","22058127"
"32367112","32367112"
"31353404","31353404"
"31665439","31665439"
"24143056","24143056"
"33193550","33193550"
"23584832","23584832"
"26912953","26912953"
"30820574","30820574"
"31648227","31648227"
"27924046","27924046"
"33903708","33903708"
"24391364","24391364"
"29897419","29897419"
"33245771","33245771"
"24330312","24330312"
"24167507","24167507"
"33125077","33125077"
"22545773","22545773"
"31586405","31586405"
"25378329","25378329"
"31679514","31679514"
"22301388","22301388"
"23118485","23118485"
"34729303","34729303"
"24214963","24214963"
"33780471","33780471"
"27069559","27069559"
"30764761","30764761"
"26513174","26513174"
"31240103","31240103"
"30584170","30584170"
"33084905","33084905"
"25098325","25098325"
"22701463","22701463"
"29145608","29145608"
"35424258","35424258"
"29745830","29745830"
"27899569","27899569"
"25566299","25566299"
"34485275","34485275"
"23875173","23875173"
"25380778","25380778"
"29795526","29795526"
"27510400","27510400"
"33119751","33119751"
"30418645","30418645"
"31157825","31157825"
"33822911","33822911"
"26450962","26450962"
"31231773","31231773"
"21668943","21668943"
"21177657","21177657"
"31836897","31836897"
"29126312","29126312"
"26322134","26322134"
"23935057","23935057"
"23060735","23060735"
"25905099","25905099"
"22086948","22086948"
"23155064","23155064"
"24475242","24475242"
"34156446","34156446"
"26527720","26527720"
"33156326","33156326"
"25288655","25288655"
"24203705","24203705"
"33238004","33238004"
"29967752","29967752"
"26255309","26255309"
"29433427","29433427"
"30380113","30380113"
"27924023","27924023"
"22140101","22140101"
"23066841","23066841"
"26106450","26106450"
"23019219","23019219"
"33382886","33382886"
"29036655","29036655"
"26656948","26656948"
"29069466","29069466"
"30841849","30841849"
"22606288","22606288"
"27167218","27167218"
"31612915","31612915"
"24536078","24536078"
"26286928","26286928"
"31042284","31042284"
"25392421","25392421"
"33418085","33418085"
"23193269","23193269"
"28365734","28365734"
"34363073","34363073"
"34900127","34900127"
"22053087","22053087"
"22096233","22096233"
"22096227","22096227"
"30268942","30268942"
"29109711","29109711"
"22080560","22080560"
"29036653","29036653"
"25378301","25378301"
"29194489","29194489"
"27799474","27799474"
"31404401","31404401"
"22276777","22276777"
"25889518","25889518"
"34349127","34349127"
"26243198","26243198"
"25858286","25858286"
"29220447","29220447"
"28365733","28365733"
"25877638","25877638"
"32990748","32990748"
"22135287","22135287"
"27742822","27742822"
"25527833","25527833"
"23173617","23173617"
"24244721","24244721"
"29077896","29077896"
"30874795","30874795"
"30065744","30065744"
"25953081","25953081"
"23864220","23864220"
"33502607","33502607"
"29155944","29155944"
"31754718","31754718"
"28608363","28608363"
"24170808","24170808"
"33174596","33174596"
"23955518","23955518"
"23585830","23585830"
"22121219","22121219"
"34266386","34266386"
"22123747","22123747"
"25347823","25347823"
"23071556","23071556"
"32159764","32159764"
"22139941","22139941"
"27509041","27509041"
"32833025","32833025"
"22146221","22146221"
"25725060","25725060"
"27822553","27822553"
"22856649","22856649"
"32986834","32986834"
"27504011","27504011"
"21856757","21856757"
"29618898","29618898"
"22080565","22080565"
"34510194","34510194"
"33219670","33219670"
"23143105","23143105"
"30944327","30944327"
"30371819","30371819"
"30858555","30858555"
"24923822","24923822"
"32911083","32911083"
"25145340","25145340"
"31825307","31825307"
"26527726","26527726"
"24194596","24194596"
"33514395","33514395"
"31231774","31231774"
"23619930","23619930"
"27899620","27899620"
"28854643","28854643"
"29106642","29106642"
"26486520","26486520"
"29145625","29145625"
"22491796","22491796"
"25332399","25332399"
"21584191","21584191"
"26822098","26822098"
"22309450","22309450"
"26490638","26490638"
"30813887","30813887"
"24465676","24465676"
"25559128","25559128"
"24253302","24253302"
"31652812","31652812"
"26590264","26590264"
"22730453","22730453"
"27907895","27907895"
"30053238","30053238"
"24311565","24311565"
"29177508","29177508"
"28454513","28454513"
"33653882","33653882"
"24297253","24297253"
"23275726","23275726"
"22563442","22563442"
"34025934","34025934"
"25378328","25378328"
"34527188","34527188"
"32393257","32393257"
"32451429","32451429"
"23189029","23189029"
"34389843","34389843"
"26912952","26912952"
"28086860","28086860"
"25172923","25172923"
"26896846","26896846"
"23874618","23874618"
"23996831","23996831"
"31640730","31640730"
"26507856","26507856"
"32117995","32117995"
"22139910","22139910"
"32487016","32487016"
"25540777","25540777"
"31410488","31410488"
"31637139","31637139"
"27152146","27152146"
"24297257","24297257"
"24214996","24214996"
"27017950","27017950"
"22419844","22419844"
"22833564","22833564"
"34630517","34630517"
"25527095","25527095"
"23203867","23203867"
"23286825","23286825"
"24229347","24229347"
"28651363","28651363"
"25931458","25931458"
"24271398","24271398"
"22139911","22139911"
"21884625","21884625"
"33514746","33514746"
"24271385","24271385"
"24501396","24501396"
"32090261","32090261"
"27530928","27530928"
"29106588","29106588"
"23125372","23125372"
"24573879","24573879"
"32111231","32111231"
"27285615","27285615"
"25931459","25931459"
"23203877","23203877"
"33306802","33306802"
"28184254","28184254"
"25178289","25178289"
"25262355","25262355"
"27899613","27899613"
"22369214","22369214"
"23084778","23084778"
"30335176","30335176"
"34120586","34120586"
"28365722","28365722"
"32974523","32974523"
"25604238","25604238"
"32324748","32324748"
"33247934","33247934"
"26827236","26827236"
"30535146","30535146"
"33581334","33581334"
"31566225","31566225"
"27234245","27234245"
"31612943","31612943"
"25399418","25399418"
"28182744","28182744"
"32556221","32556221"
"25024350","25024350"
"25428349","25428349"
"33749993","33749993"
"27515825","27515825"
"30445567","30445567"
"24428888","24428888"
"29657279","29657279"
"32597311","32597311"
"26637529","26637529"
"24271386","24271386"
"31831730","31831730"
"33045747","33045747"
"26496950","26496950"
"21890895","21890895"
"30760842","30760842"
"23272737","23272737"
"21735248","21735248"
"32693783","32693783"
"26578589","26578589"
"25313158","25313158"
"31724725","31724725"
"30380106","30380106"
"23203876","23203876"
"23203890","23203890"
"21486466","21486466"
"31086734","31086734"
"22768977","22768977"
"29069459","29069459"
"24174541","24174541"
"25324303","25324303"
"23153078","23153078"
"34332522","34332522"
"23046413","23046413"
"24312499","24312499"
"26072489","26072489"
"33245774","33245774"
"25336619","25336619"
"30239681","30239681"
"29106626","29106626"
"30874591","30874591"
"30203047","30203047"
"29036324","29036324"
"33294866","33294866"
"30349509","30349509"
"25102069","25102069"
"21731755","21731755"
"31733062","31733062"
"24923818","24923818"
"21593080","21593080"
"23448274","23448274"
"33363449","33363449"
"31733064","31733064"
"34521345","34521345"
"31160594","31160594"
"24727366","24727366"
"27625390","27625390"
"31647099","31647099"
"30395323","30395323"
"23093593","23093593"
"22535208","22535208"
"31950190","31950190"
"32810235","32810235"
"23282181","23282181"
"28053167","28053167"
"24569397","24569397"
"31725861","31725861"
"26578565","26578565"
"32895427","32895427"
"33997360","33997360"
"28365721","28365721"
"29040761","29040761"
"25551368","25551368"
"26476444","26476444"
"31584092","31584092"
"26615193","26615193"
"21976737","21976737"
"23203988","23203988"
"33304468","33304468"
"30115014","30115014"
"29743053","29743053"
"29699484","29699484"
"24174539","24174539"
"22712730","22712730"
"29126123","29126123"
"26073932","26073932"
"34504668","34504668"
"23696878","23696878"
"27819351","27819351"
"23180785","23180785"
"33080028","33080028"
"27936097","27936097"
"30733462","30733462"
"27824078","27824078"
"21765097","21765097"
"23180799","23180799"
"31584086","31584086"
"29112749","29112749"
"31640808","31640808"
"21624156","21624156"
"31584089","31584089"
"31612960","31612960"
"33245779","33245779"
"21507258","21507258"
"23378291","23378291"
"29370821","29370821"
"22009677","22009677"
"31642469","31642469"
"28748223","28748223"
"21554668","21554668"
"31307376","31307376"
"25414340","25414340"
"23497033","23497033"
"26225242","26225242"
"23172287","23172287"
"23674503","23674503"
"33104790","33104790"
"24275491","24275491"
"24771669","24771669"
"26980519","26980519"
"26441671","26441671"
"30576486","30576486"
"22110026","22110026"
"21801404","21801404"
"29077937","29077937"
"25270086","25270086"
"27478368","27478368"
"22067443","22067443"
"28096778","28096778"
"34107869","34107869"
"23396298","23396298"
"25425034","25425034"
"33330918","33330918"
"30357353","30357353"
"30053269","30053269"
"30805645","30805645"
"29662024","29662024"
"30266409","30266409"
"27924044","27924044"
"30101318","30101318"
"26578570","26578570"
"24980131","24980131"
"27799469","27799469"
"33137192","33137192"
"25435546","25435546"
"33546584","33546584"
"25125445","25125445"
"31725858","31725858"
"26400163","26400163"
"22080512","22080512"
"22058132","22058132"
"26112452","26112452"
"30395277","30395277"
"23066098","23066098"
"28592293","28592293"
"25593348","25593348"
"25378306","25378306"
"25324309","25324309"
"26746174","26746174"
"22084198","22084198"
"32190163","32190163"
"30380090","30380090"
"31738435","31738435"
"27733507","27733507"
"31602478","31602478"
"27789569","27789569"
"23624946","23624946"
"28862395","28862395"
"23725466","23725466"
"25398903","25398903"
"25505034","25505034"
"28966675","28966675"
"24198250","24198250"
"24340041","24340041"
"21993301","21993301"
"29069441","29069441"
"31617559","31617559"
"22080514","22080514"
"26980520","26980520"
"23151233","23151233"
"22509333","22509333"
"24855436","24855436"
"25361970","25361970"
"30335169","30335169"
"27515999","27515999"
"21366916","21366916"
"28830355","28830355"
"28053162","28053162"
"30239819","30239819"
"24304897","24304897"
"30804701","30804701"
"30127348","30127348"
"34716373","34716373"
"31337335","31337335"
"28651001","28651001"
"23193267","23193267"
"23055619","23055619"
"26200753","26200753"
"25558364","25558364"
"25725063","25725063"
"23193263","23193263"
"23161682","23161682"
"33216897","33216897"
"23292601","23292601"
"22086960","22086960"
"22363733","22363733"
"21031599","21031599"
"25097386","25097386"
"26586809","26586809"
"22268964","22268964"
"27153608","27153608"
"31598690","31598690"
"29136200","29136200"
"24225322","24225322"
"22039152","22039152"
"31620779","31620779"
"25382819","25382819"
"21781326","21781326"
"33196798","33196798"
"26089836","26089836"
"22096236","22096236"
"33388027","33388027"
"26450949","26450949"
"22102570","22102570"
"22102581","22102581"
"29575358","29575358"
"33010159","33010159"
"31844049","31844049"
"22110041","22110041"
"29377907","29377907"
"27789699","27789699"
"25414335","25414335"
"29106664","29106664"
"33196841","33196841"
"25911153","25911153"
"31796964","31796964"
"22669905","22669905"
"22080505","22080505"
"34122478","34122478"
"23396300","23396300"
"26578582","26578582"
"26759061","26759061"
"26602691","26602691"
"30587128","30587128"
"34059664","34059664"
"25964630","25964630"
"31809863","31809863"
"24857970","24857970"
"26043787","26043787"
"23193284","23193284"
"30244175","30244175"
"29939244","29939244"
"25392416","25392416"
"21980353","21980353"
"31949184","31949184"
"22424087","22424087"
"27789703","27789703"
"32542363","32542363"
"30307523","30307523"
"27465131","27465131"
"25392411","25392411"
"24715219","24715219"
"21965557","21965557"
"30380102","30380102"
"31868683","31868683"
"28977518","28977518"
"34559210","34559210"
"31598699","31598699"
"22726705","22726705"
"23180797","23180797"
"22121227","22121227"
"30010730","30010730"
"24163250","24163250"
"25228593","25228593"
"28077569","28077569"
"26478709","26478709"
"23299411","23299411"
"21729256","21729256"
"33068412","33068412"
"30453895","30453895"
"24158836","24158836"
"26635394","26635394"
"33196814","33196814"
"29931156","29931156"
"22608002","22608002"
"21586118","21586118"
"23457042","23457042"
"26912951","26912951"
"24288368","24288368"
"30020436","30020436"
"25378308","25378308"
"33238002","33238002"
"34844637","34844637"
"22139942","22139942"
"30329093","30329093"
"29696033","29696033"
"28850115","28850115"
"28438161","28438161"
"26975833","26975833"
"24912499","24912499"
"26424082","26424082"
"24771658","24771658"
"24060102","24060102"
"23547897","23547897"
"25880930","25880930"
"26876983","26876983"
"26527724","26527724"
"32345346","32345346"
"26322066","26322066"
"30794542","30794542"
"24939193","24939193"
"24739306","24739306"
"30321422","30321422"
"34224878","34224878"
"30622655","30622655"
"25252782","25252782"
"23193278","23193278"
"22965133","22965133"
"34022814","34022814"
"33685493","33685493"
"24147765","24147765"
"24279809","24279809"
"21216747","21216747"
"28025342","28025342"
"27515824","27515824"
"24280345","24280345"
"23180784","23180784"
"28964253","28964253"
"25489177","25489177"
"22645600","22645600"
"23660286","23660286"
"24136999","24136999"
"23180765","23180765"
"29989091","29989091"
"27377064","27377064"
"21938212","21938212"
"32849839","32849839"
"29040625","29040625"
"23144556","23144556"
"21464840","21464840"
"33021671","33021671"
"24220091","24220091"
"31950189","31950189"
"22127861","22127861"
"29222504","29222504"
"22700939","22700939"
"31906603","31906603"
"27543076","27543076"
"23155061","23155061"
"29069520","29069520"
"32608478","32608478"
"27940610","27940610"
"26026167","26026167"
"34496744","34496744"
"25414355","25414355"
"31872320","31872320"
"26503253","26503253"
"26746786","26746786"
"24214988","24214988"
"29774137","29774137"
"30380119","30380119"
"32621601","32621601"
"25881271","25881271"
"28651544","28651544"
"22120661","22120661"
"23055621","23055621"
"29057095","29057095"
"26097510","26097510"
"33416848","33416848"
"33553941","33553941"
"26527728","26527728"
"24504151","24504151"
"33177514","33177514"
"29059366","29059366"
"21472436","21472436"
"26647370","26647370"
"26590403","26590403"
"33010177","33010177"
"28984188","28984188"
"32487193","32487193"
"31611909","31611909"
"22140105","22140105"
"23161692","23161692"
"34514416","34514416"
"25097385","25097385"
"29045713","29045713"
"22067445","22067445"
"29617941","29617941"
"29961821","29961821"
"23193298","23193298"
"30371817","30371817"
"29069402","29069402"
"29228298","29228298"
"22171328","22171328"
"32785571","32785571"
"24225318","24225318"
"24194593","24194593"
"22419780","22419780"
"22086956","22086956"
"27307138","27307138"
"28539606","28539606"
"23180763","23180763"
"29892516","29892516"
"24712981","24712981"
"24271399","24271399"
"25428362","25428362"
"23724943","23724943"
"28361715","28361715"
"24952385","24952385"
"27297221","27297221"
"24146757","24146757"
"23203869","23203869"
"22784567","22784567"
"26490957","26490957"
"26467481","26467481"
"33045745","33045745"
"31642484","31642484"
"28365723","28365723"
"23193283","23193283"
"24165881","24165881"
"22080561","22080561"
"23203982","23203982"
"33507271","33507271"
"26818131","26818131"
"26800248","26800248"
"22139920","22139920"
"25309735","25309735"
"30481257","30481257"
"27580923","27580923"
"28194231","28194231"
"29062930","29062930"
"24163098","24163098"
"30674925","30674925"
"24203708","24203708"
"27899672","27899672"
"24148649","24148649"
"25075616","25075616"
"31511885","31511885"
"26949480","26949480"
"27899579","27899579"
"22210871","22210871"
"22140107","22140107"
"22075996","22075996"
"22544707","22544707"
"23180788","23180788"
"26527729","26527729"
"27352859","27352859"
"21575179","21575179"
"31337332","31337332"
"24618044","24618044"
"24136998","24136998"
"23423175","23423175"
"29733404","29733404"
"31713629","31713629"
"32761141","32761141"
"26005672","26005672"
"23193286","23193286"
"31211398","31211398"
"27148975","27148975"
"22397686","22397686"
"26220682","26220682"
"23118479","23118479"
"22139928","22139928"
"23118483","23118483"
"25405079","25405079"
"31672983","31672983"
"22701460","22701460"
"26503244","26503244"
"22493538","22493538"
"27412095","27412095"
"28420402","28420402"
"22759918","22759918"
"27402679","27402679"
"32976581","32976581"
"30602089","30602089"
"32719467","32719467"
"24578355","24578355"
"26582925","26582925"
"25157689","25157689"
"29087479","29087479"
"22121217","22121217"
"29045725","29045725"
"23314754","23314754"
"22075997","22075997"
"32934277","32934277"
"23284744","23284744"
"27138013","27138013"
"23203871","23203871"
"27188311","27188311"
"27779618","27779618"
"23180787","23180787"
"27899614","27899614"
"22096228","22096228"
"26578555","26578555"
"27749924","27749924"
"25300487","25300487"
"26578594","26578594"
"30094004","30094004"
"29140469","29140469"
"25414345","25414345"
"25404137","25404137"
"24271391","24271391"
"26582922","26582922"
"26249811","26249811"
"24066126","24066126"
"32813752","32813752"
"24223973","24223973"
"28832569","28832569"
"28961249","28961249"
"23161688","23161688"
"25943471","25943471"
"26339475","26339475"
"23180783","23180783"
"23104376","23104376"
"21423723","21423723"
"23497177","23497177"
"30380087","30380087"
"25627341","25627341"
"32442307","32442307"
"26516187","26516187"
"31728519","31728519"
"34515387","34515387"
"24705204","24705204"
"22807998","22807998"
"28985418","28985418"
"27733502","27733502"
"34679164","34679164"
"23406793","23406793"
"31624839","31624839"
"28807036","28807036"
"23846596","23846596"
"30846808","30846808"
"29106666","29106666"
"30871473","30871473"
"22140109","22140109"
"21383924","21383924"
"33985427","33985427"
"29106651","29106651"
"27337171","27337171"
"29234333","29234333"
"26131021","26131021"
"31120982","31120982"
"27387194","27387194"
"29520288","29520288"
"32882008","32882008"
"29297316","29297316"
"24408216","24408216"
"30053266","30053266"
"27168721","27168721"
"24225317","24225317"
"34273956","34273956"
"28588237","28588237"
"23203875","23203875"
"32351388","32351388"
"24735618","24735618"
"27789689","27789689"
"31240309","31240309"
"33156327","33156327"
"32990749","32990749"
"22116064","22116064"
"34154643","34154643"
"25224438","25224438"
"34154536","34154536"
"32620074","32620074"
"32159215","32159215"
"29776332","29776332"
"25792605","25792605"
"32727974","32727974"
"31728526","31728526"
"23482072","23482072"
"30810209","30810209"
"27899608","27899608"
"23180794","23180794"
"22434841","22434841"
"24466070","24466070"
"27173523","27173523"
"26896848","26896848"
"32427908","32427908"
"26852673","26852673"
"33095862","33095862"
"28759605","28759605"
"33258964","33258964"
"23515433","23515433"
"34244719","34244719"
"23197656","23197656"
"23766369","23766369"
"24930145","24930145"
"23698860","23698860"
"33179754","33179754"
"24203712","24203712"
"29036590","29036590"
"23193266","23193266"
"29617745","29617745"
"21177659","21177659"
"28365741","28365741"
"25932650","25932650"
"25378311","25378311"
"33655207","33655207"
"34517763","34517763"
"32265943","32265943"
"33969254","33969254"
"28111364","28111364"
"25392424","25392424"
"27153630","27153630"
"25332401","25332401"
"29432422","29432422"
"34522848","34522848"
"23093603","23093603"
"21546359","21546359"
"30913342","30913342"
"23547943","23547943"
"30165582","30165582"
"33074314","33074314"
"22292669","22292669"
"24334957","24334957"
"29106630","29106630"
"30380112","30380112"
"30371815","30371815"
"31831861","31831861"
"27899676","27899676"
"24194607","24194607"
"25413576","25413576"
"23284086","23284086"
"32976578","32976578"
"25392422","25392422"
"33035346","33035346"
"29045755","29045755"
"23071747","23071747"
"25187689","25187689"
"24822057","24822057"
"25025376","25025376"
"26066708","26066708"
"25300491","25300491"
"28158179","28158179"
"31680168","31680168"
"23066107","23066107"
"24889152","24889152"
"30223042","30223042"
"33068436","33068436"
"27924015","27924015"
"25324314","25324314"
"24816183","24816183"
"23594715","23594715"
"22523575","22523575"
"30601939","30601939"
"23193254","23193254"
"22080555","22080555"
"26590254","26590254"
"32548865","32548865"
"32454857","32454857"
"27813701","27813701"
"33174598","33174598"
"30239928","30239928"
"22102589","22102589"
"25378322","25378322"
"30371820","30371820"
"23314752","23314752"
"24163100","24163100"
"32168374","32168374"
"24843289","24843289"
"27242032","27242032"
"23172288","23172288"
"30614601","30614601"
"25361969","25361969"
"25392418","25392418"
"23093589","23093589"
"31263870","31263870"
"33095866","33095866"
"29112736","29112736"
"24198712","24198712"
"31588507","31588507"
"22135296","22135296"
"27634949","27634949"
"28365718","28365718"
"30395310","30395310"
"27242836","27242836"
"26581408","26581408"
"22067448","22067448"
"27511743","27511743"
"30371824","30371824"
"30365026","30365026"
"33594411","33594411"
"25274736","25274736"
"32509450","32509450"
"25392406","25392406"
"24304891","24304891"
"29308007","29308007"
"28025349","28025349"
"25217587","25217587"
"33811468","33811468"
"33045721","33045721"
"33367605","33367605"
"31598702","31598702"
"32550548","32550548"
"23161674","23161674"
"21769196","21769196"
"31245720","31245720"
"22715306","22715306"
"24341535","24341535"
"24267744","24267744"
"25614757","25614757"
"31504823","31504823"
"26452372","26452372"
"34848704","34848704"
"25466819","25466819"
"32221380","32221380"
"27789692","27789692"
"26078228","26078228"
"28018331","28018331"
"33181826","33181826"
"26705106","26705106"
"23175606","23175606"
"26573482","26573482"
"23209562","23209562"
"26989148","26989148"
"33211851","33211851"
"30208844","30208844"
"32431267","32431267"
"23172286","23172286"
"27899279","27899279"
"23180786","23180786"
"23125366","23125366"
"27899583","27899583"
"22481888","22481888"
"24082050","24082050"
"30048518","30048518"
"30546860","30546860"
"27392072","27392072"
"26061870","26061870"
"34285772","34285772"
"24165882","24165882"
"24170807","24170807"
"25591325","25591325"
"22102575","22102575"
"23134687","23134687"
"22064855","22064855"
"25522035","25522035"
"25024351","25024351"
"24608172","24608172"
"23411719","23411719"
"24578356","24578356"
"22067444","22067444"
"26065909","26065909"
"21276248","21276248"
"23203887","23203887"
"23203891","23203891"
"27242034","27242034"
"26602694","26602694"
"26476456","26476456"
"21715385","21715385"
"22123743","22123743"
"29351734","29351734"
"30217145","30217145"
"27789702","27789702"
"30462313","30462313"
"26227548","26227548"
"32117874","32117874"
"26590259","26590259"
"29069501","29069501"
"22736877","22736877"
"31598695","31598695"
"22039101","22039101"
"23203880","23203880"
"25392405","25392405"
"26656949","26656949"
"24243849","24243849"
"26973684","26973684"
"25538713","25538713"
"26555441","26555441"
"24285306","24285306"
"22064863","22064863"
"31647096","31647096"
"22661982","22661982"
"29718389","29718389"
"23180778","23180778"
"32055857","32055857"
"23226127","23226127"
"25392412","25392412"
"25414323","25414323"
"23584834","23584834"
"23180796","23180796"
"30398663","30398663"
"24498619","24498619"
"25348409","25348409"
"24304889","24304889"
"31696235","31696235"
"22701464","22701464"
"22155609","22155609"
"28605766","28605766"
"22748168","22748168"
"22067451","22067451"
"22075990","22075990"
"23110975","23110975"
"22080546","22080546"
"23200141","23200141"
"29201145","29201145"
"26209309","26209309"
"22135297","22135297"
"24194600","24194600"
"21177655","21177655"
"22135298","22135298"
"21887013","21887013"
"22493537","22493537"
"33175170","33175170"
"33245777","33245777"
"31410491","31410491"
"29069475","29069475"
"25635527","25635527"
"27982098","27982098"
"25262351","25262351"
"31642487","31642487"
"33211879","33211879"
"26503249","26503249"
"25352545","25352545"
"22238270","22238270"
"31647100","31647100"
"26110276","26110276"
"26589635","26589635"
"26578587","26578587"
"30476227","30476227"
"30407529","30407529"
"30357384","30357384"
"31665441","31665441"
"33306800","33306800"
"22064862","22064862"
"27789706","27789706"
"32257241","32257241"
"26868053","26868053"
"26586805","26586805"
"23093600","23093600"
"24214965","24214965"
"27899596","27899596"
"31680157","31680157"
"27114493","27114493"
"27899668","27899668"
"30668832","30668832"
"26578581","26578581"
"27650316","27650316"
"24194602","24194602"
"24174537","24174537"
"27375595","27375595"
"26612867","26612867"
"30364951","30364951"
"25355513","25355513"
"32728249","32728249"
"31680159","31680159"
"28981707","28981707"
"31740966","31740966"
"23203987","23203987"
"22067447","22067447"
"27794045","27794045"
"24234449","24234449"
"27924039","27924039"
"29165593","29165593"
"30357347","30357347"
"28053161","28053161"
"27694206","27694206"
"33290552","33290552"
"27794040","27794040"
"33270898","33270898"
"24007337","24007337"
"31608375","31608375"
"30445619","30445619"
"31231515","31231515"
"33104772","33104772"
"29077884","29077884"
"23245209","23245209"
"30364956","30364956"
"26586801","26586801"
"26953092","26953092"
"27899581","27899581"
"26519466","26519466"
"23734660","23734660"
"23180793","23180793"
"29036529","29036529"
"33206959","33206959"
"33084889","33084889"
"23825543","23825543"
"23193253","23193253"
"30371849","30371849"
"31599330","31599330"
"33219685","33219685"
"30380072","30380072"
"30285109","30285109"
"26590263","26590263"
"28943872","28943872"
"29145643","29145643"
"26424083","26424083"
"21904429","21904429"
"24319143","24319143"
"28293068","28293068"
"22102583","22102583"
"29917040","29917040"
"28104956","28104956"
"34362451","34362451"
"26432828","26432828"
"29059334","29059334"
"29161430","29161430"
"33270889","33270889"
"33237329","33237329"
"29126295","29126295"
"26516186","26516186"
"24185695","24185695"
"33021634","33021634"
"22135294","22135294"
"31670377","31670377"
"22139919","22139919"
"31691799","31691799"
"28775335","28775335"
"34655133","34655133"
"33084874","33084874"
"31500643","31500643"
"34384382","34384382"
"27899580","27899580"
"33661371","33661371"
"24225323","24225323"
"32558264","32558264"
"34303324","34303324"
"24163255","24163255"
"30364952","30364952"
"33305318","33305318"
"30245835","30245835"
"27616775","27616775"
"27742820","27742820"
"33079992","33079992"
"26673716","26673716"
"27924042","27924042"
"26527721","26527721"
"23203886","23203886"
"25404129","25404129"
"22140110","22140110"
"22140215","22140215"
"27794042","27794042"
"33104797","33104797"
"21296746","21296746"
"29040692","29040692"
"25352543","25352543"
"30335166","30335166"
"30329070","30329070"
"31665499","31665499"
"31691815","31691815"
"24259432","24259432"
"33237313","33237313"
"29112718","29112718"
"30272209","30272209"
"29092055","29092055"
"31724711","31724711"
"24304899","24304899"
"24293654","24293654"
"22110037","22110037"
"23730305","23730305"
"24364888","24364888"
"30020414","30020414"
"29040681","29040681"
"23331499","23331499"
"34536568","34536568"
"34344425","34344425"
"33051671","33051671"
"33849445","33849445"
"31665425","31665425"
"26989145","26989145"
"33693667","33693667"
"27899622","27899622"
"21447597","21447597"
"32016318","32016318"
"31161214","31161214"
"31642470","31642470"
"23074187","23074187"
"30689843","30689843"
"33261662","33261662"
"32472030","32472030"
"27402678","27402678"
"33175131","33175131"
"29077939","29077939"
"30423142","30423142"
"31647101","31647101"
"29036351","29036351"
"25425035","25425035"
"26141515","26141515"
"25754864","25754864"
"34965192","34965192"
"29140525","29140525"
"29533231","29533231"
"30395294","30395294"
"24194595","24194595"
"24334350","24334350"
"26779400","26779400"
"26424852","26424852"
"31701150","31701150"
"25378310","25378310"
"30407596","30407596"
"24270786","24270786"
"26467479","26467479"
"30172046","30172046"
"29165669","29165669"
"25392420","25392420"
"26578568","26578568"
"25399423","25399423"
"24150940","24150940"
"27899673","27899673"
"27924018","27924018"
"26827237","26827237"
"26635391","26635391"
"33151287","33151287"
"26481353","26481353"
"24297252","24297252"
"24214962","24214962"
"23203883","23203883"
"29161421","29161421"
"31724701","31724701"
"33270111","33270111"
"24270792","24270792"
"31733063","31733063"
"25378336","25378336"
"33170268","33170268"
"31612961","31612961"
"26615194","26615194"
"29121237","29121237"
"24077912","24077912"
"29069517","29069517"
"30407568","30407568"
"31114900","31114900"
"31584097","31584097"
"30407591","30407591"
"27903896","27903896"
"25428371","25428371"
"29145615","29145615"
"27679478","27679478"
"23087376","23087376"
"26531826","26531826"
"33247931","33247931"
"26578557","26578557"
"27924020","27924020"
"25398900","25398900"
"31722416","31722416"
"23109552","23109552"
"29077942","29077942"
"27899624","27899624"
"31504780","31504780"
"24243848","24243848"
"31691816","31691816"
"29668970","29668970"
"26432830","26432830"
"29106611","29106611"
"25593349","25593349"
"27794041","27794041"
"29106550","29106550"
"28053164","28053164"
"27613420","27613420"
"27789697","27789697"
"30371818","30371818"
"32679723","32679723"
"30496475","30496475"
"31680153","31680153"
"24163105","24163105"
"29156057","29156057"
"31665479","31665479"
"33313828","33313828"
"25361965","25361965"
"27899586","27899586"
"24175918","24175918"
"30053264","30053264"
"33952332","33952332"
"25300483","25300483"
"25392407","25392407"
"24293649","24293649"
"26578591","26578591"
"29140531","29140531"
"24293645","24293645"
"25352553","25352553"
"27779621","27779621"
"25161662","25161662"
"24178028","24178028"
"30445555","30445555"
"26546518","26546518"
"29106634","29106634"
"31680154","31680154"
"29087517","29087517"
"27899616","27899616"
"26590405","26590405"
"24214987","24214987"
"25510499","25510499"
"26578559","26578559"
"24259431","24259431"
"33313778","33313778"
"25313157","25313157"
"27899612","27899612"
"26980515","26980515"
"32542109","32542109"
"31696234","31696234"
"26286194","26286194"
"33080015","33080015"
"33221922","33221922"
"33179747","33179747"
"25398902","25398902"
"23203872","23203872"
"23193292","23193292"
"24194597","24194597"
"28053165","28053165"
"26607947","26607947"
"26602686","26602686"
"26481351","26481351"
"26582919","26582919"
"28437484","28437484"
"24265223","24265223"
"27048349","27048349"
"24178034","24178034"
"23175610","23175610"
"26657633","26657633"
"29156006","29156006"
"25514926","25514926"
"29106613","29106613"
"23161672","23161672"
"30204897","30204897"
"32406920","32406920"
"27924043","27924043"
"23193272","23193272"
"26481361","26481361"
"21995777","21995777"
"23175613","23175613"
"28077563","28077563"
"21672956","21672956"
"24265224","24265224"
"21940398","21940398"
"24209780","24209780"
"24185697","24185697"
"24214998","24214998"
"27043825","27043825"
"26586798","26586798"
"25326323","25326323"
"27899562","27899562"
"31747015","31747015"
"27899563","27899563"
"24234444","24234444"
"23143270","23143270"
"24275496","24275496"
"26553799","26553799"
"33151284","33151284"
"25030112","25030112"
"25477381","25477381"
"33436076","33436076"
"23093601","23093601"
"22135288","22135288"
"31713622","31713622"
"23193273","23193273"
"25708775","25708775"
"24316576","24316576"
"24163254","24163254"
"21989406","21989406"
"30407557","30407557"
"27924022","27924022"
"26935103","26935103"
"22067456","22067456"
"24247530","24247530"
"21917859","21917859"
"24137012","24137012"
"27899567","27899567"
"30357420","30357420"
"29155946","29155946"
"33231677","33231677"
"31559014","31559014"
"24163257","24163257"
"23193287","23193287"
"26476458","26476458"
"24217918","24217918"
"23197657","23197657"
"28025347","28025347"
"26578564","26578564"
"30304474","30304474"
"24194601","24194601"
"23175603","23175603"
"24174543","24174543"
"22139932","22139932"
"21584190","21584190"
"33772585","33772585"
"27799466","27799466"
"25414341","25414341"
"24234451","24234451"
"33125081","33125081"
"26496949","26496949"
"23042674","23042674"
"26481356","26481356"
"30329098","30329098"
"25233092","25233092"
"25399422","25399422"
"31942978","31942978"
"24270788","24270788"
"28077565","28077565"
"32920969","32920969"
"22135289","22135289"
"23118484","23118484"
"25404128","25404128"
"29136208","29136208"
"25378335","25378335"
"22102576","22102576"
"25294826","25294826"
"25398901","25398901"
"33245761","33245761"
"24608173","24608173"
"33196801","33196801"
"24217916","24217916"
"21996254","21996254"
"29082924","29082924"
"27799467","27799467"
"23324169","23324169"
"33196836","33196836"
"26578696","26578696"
"33290554","33290554"
"28296894","28296894"
"29059374","29059374"
"24363285","24363285"
"23180792","23180792"
"23203882","23203882"
"30357350","30357350"
"24174544","24174544"
"22135290","22135290"
"24198245","24198245"
"23193259","23193259"
"27587585","27587585"
"21321022","21321022"
"26464443","26464443"
"27794554","27794554"
"26433228","26433228"
"25392410","25392410"
"29126285","29126285"
"31802127","31802127"
"26553804","26553804"
"24311564","24311564"
"27789701","27789701"
"22102587","22102587"
"23110173","23110173"
"23487186","23487186"
"26744602","26744602"
"26615197","26615197"
"24214955","24214955"
"21258066","21258066"
"21408081","21408081"
"23161680","23161680"
"27114492","27114492"
"24234447","24234447"
"33237286","33237286"
"25348404","25348404"
"22067452","22067452"
"27899582","27899582"
"22139939","22139939"
"21520341","21520341"
"25841437","25841437"
"25332392","25332392"
"24275495","24275495"
"26590260","26590260"
"23094086","23094086"
"22439011","22439011"
"22013167","22013167"
"21622642","21622642"
"24997126","24997126"
"24285297","24285297"
"33152079","33152079"
"26546318","26546318"
"30256983","30256983"
"33010178","33010178"
"33211880","33211880"
"27899674","27899674"
"27899578","27899578"
"30462320","30462320"
"30418626","30418626"
"31680165","31680165"
"26582926","26582926"
"26615199","26615199"
"24214989","24214989"
"27903906","27903906"
"33180112","33180112"
"26578585","26578585"
"28349240","28349240"
"27899635","27899635"
"29140473","29140473"
"33219661","33219661"
"30462302","30462302"
"23630246","23630246"
"28968784","28968784"
"30398659","30398659"
"27899619","27899619"
"33174605","33174605"
"29069403","29069403"
"31740968","31740968"
"31665520","31665520"
"26590256","26590256"
"27924014","27924014"
"26433225","26433225"
"25428374","25428374"
"27899625","27899625"
"30407520","30407520"
"29165655","29165655"
"24285300","24285300"
"34698891","34698891"
"29190397","29190397"
"25416803","25416803"
"33704069","33704069"
"22080564","22080564"
"25361974","25361974"
"25428363","25428363"
"22096232","22096232"
"27789705","27789705"
"27738138","27738138"
"27651457","27651457"
"30398643","30398643"
"23143107","23143107"
"26578571","26578571"
"23203985","23203985"
"29126249","29126249"
"27899657","27899657"
"26888907","26888907"
"24009883","24009883"
"33211864","33211864"
"22127867","22127867"
"22110034","22110034"
"30395331","30395331"
"27924024","27924024"
"31290545","31290545"
"33125071","33125071"
"22121220","22121220"
"24214961","24214961"
"25378313","25378313"
"24185698","24185698"
"30407549","30407549"
"23175614","23175614"
"22086950","22086950"
"29106616","29106616"
"31696236","31696236"
"30407532","30407532"
"25361972","25361972"
"25324305","25324305"
"22080562","22080562"
"24285305","24285305"
"22075992","22075992"
"23180791","23180791"
"26578592","26578592"
"25273106","25273106"
"30395289","30395289"
"33125078","33125078"
"26400175","26400175"
"25428375","25428375"
"21478484","21478484"
"30395267","30395267"
"32486891","32486891"
"29112715","29112715"
"27899671","27899671"
"33211869","33211869"
"22135291","22135291"
"24265222","24265222"
"23193280","23193280"
"22102590","22102590"
"24194605","24194605"
"28838067","28838067"
"29126174","29126174"
"29216398","29216398"
"30371878","30371878"
"31701128","31701128"
"30418610","30418610"
"31680160","31680160"
"26615190","26615190"
"29112716","29112716"
"30398656","30398656"
"31701148","31701148"
"31724716","31724716"
"30476243","30476243"
"29788229","29788229"
"22064864","22064864"
"25348401","25348401"
"33166387","33166387"
"30357387","30357387"
"27980099","27980099"
"25883136","25883136"
"25414346","25414346"
"29040613","29040613"
"23193274","23193274"
"25378343","25378343"
"26896847","26896847"
"25723102","25723102"
"24185702","24185702"
"23161678","23161678"
"22135293","22135293"
"29527288","29527288"
"29165610","29165610"
"31641782","31641782"
"26476454","26476454"
"23584835","23584835"
"26586799","26586799"
"21959865","21959865"
"30395283","30395283"
"27899595","27899595"
"26527722","26527722"
"24288371","24288371"
"27899599","27899599"
"33106848","33106848"
"29145629","29145629"
"23125362","23125362"
"25332395","25332395"
"27252399","27252399"
"23161681","23161681"
"29069413","29069413"
"33170210","33170210"
"24304892","24304892"
"31851420","31851420"
"27899630","27899630"
"33156333","33156333"
"33237311","33237311"
"26578600","26578600"
"23180798","23180798"
"30247620","30247620"
"30357349","30357349"
"29155950","29155950"
"27899662","27899662"
"24157837","24157837"
"29140524","29140524"
"25428351","25428351"
"30407594","30407594"
"30371825","30371825"
"23603846","23603846"
"22012987","22012987"
"24316578","24316578"
"29140510","29140510"
"24253303","24253303"
"30407545","30407545"
"29140475","29140475"
"27899570","27899570"
"33068428","33068428"
"33156332","33156332"
"30407521","30407521"
"27158452","27158452"
"22374386","22374386"
"30321428","30321428"
"26527717","26527717"
"23193289","23193289"
"33151290","33151290"
"23794737","23794737"
"24243840","24243840"
"32128557","32128557"
"25348405","25348405"
"30395270","30395270"
"29092072","29092072"
"29351546","29351546"
"27924010","27924010"
"31691826","31691826"
"28346087","28346087"
"22121212","22121212"
"31722421","31722421"
"30407599","30407599"
"26578574","26578574"
"25355511","25355511"
"30395287","30395287"
"33175160","33175160"
"33231642","33231642"
"29092050","29092050"
"22080510","22080510"
"27602200","27602200"
"31598706","31598706"
"27736745","27736745"
"22086963","22086963"
"31713623","31713623"
"34741192","34741192"
"27009807","27009807"
